HOSTNAME,INTERFACE,MAC,IP,SUBNET,GATEWAY,PROFILE
controller01.17-01.vm.qh,eno1,6c:92:bf:90:b3:fc,172.17.1.1,255.255.255.0,172.17.1.254,icos-5.2-x86_64
controller02.17-02.vm.qh,eno1,6c:92:bf:90:b9:34,172.17.1.2,255.255.255.0,172.17.1.254,icos-5.2-x86_64
controller03.17-03.vm.qh,eno1,6c:92:bf:90:b2:a4,172.17.1.3,255.255.255.0,172.17.1.254,icos-5.2-x86_64
node49.30-01.vm.qh,eno1,6c:92:bf:91:37:58,172.17.1.4,255.255.255.0,172.17.1.254,icos-5.2-x86_64
node50.30-02.vm.qh,eno1,6c:92:bf:91:3d:80,172.17.1.5,255.255.255.0,172.17.1.254,icos-5.2-x86_64
node51.30-03.vm.qh,eno1,6c:92:bf:92:0f:e0,172.17.1.6,255.255.255.0,172.17.1.254,icos-5.2-x86_64
node52.30-04.vm.qh,eno1,6c:92:bf:92:0e:94,172.17.1.7,255.255.255.0,172.17.1.254,icos-5.2-x86_64
node53.30-05.vm.qh,eno1,6c:92:bf:92:0e:94,172.17.1.8,255.255.255.0,172.17.1.254,icos-5.2-x86_64
node54.30-06.vm.qh,eno1,6c:92:bf:91:36:c8,172.17.1.9,255.255.255.0,172.17.1.254,icos-5.2-x86_64
node55.30-07.vm.qh,eno1,6c:92:bf:91:37:90,172.17.1.10,255.255.255.0,172.17.1.254,icos-5.2-x86_64
node56.30-08.vm.qh,eno1,6c:92:bf:91:3d:9c,172.17.1.11,255.255.255.0,172.17.1.254,icos-5.2-x86_64
node57.31-01.vm.qh,eno1,6c:92:bf:91:3b:ec,172.17.1.12,255.255.255.0,172.17.1.254,icos-5.2-x86_64
node58.31-02.vm.qh,eno1,6c:92:bf:91:37:74,172.17.1.13,255.255.255.0,172.17.1.254,icos-5.2-x86_64
node59.31-03.vm.qh,eno1,6c:92:bf:91:3c:6c,172.17.1.14,255.255.255.0,172.17.1.254,icos-5.2-x86_64
node60.31-04.vm.qh,eno1,6c:92:bf:91:3c:4c,172.17.1.15,255.255.255.0,172.17.1.254,icos-5.2-x86_64
node61.31-05.vm.qh,eno1,6c:92:bf:91:37:b4,172.17.1.16,255.255.255.0,172.17.1.254,icos-5.2-x86_64
node62.31-06.vm.qh,eno1,6c:92:bf:91:37:84,172.17.1.17,255.255.255.0,172.17.1.254,icos-5.2-x86_64
node63.31-07.vm.qh,eno1,6c:92:bf:91:3d:98,172.17.1.18,255.255.255.0,172.17.1.254,icos-5.2-x86_64
node64.31-08.vm.qh,eno1,6c:92:bf:92:0e:54,172.17.1.19,255.255.255.0,172.17.1.254,icos-5.2-x86_64
node65.32-01.vm.qh,eno1,6c:92:bf:91:36:d8,172.17.1.20,255.255.255.0,172.17.1.254,icos-5.2-x86_64
node66.32-02.vm.qh,eno1,6c:92:bf:91:37:bc,172.17.1.21,255.255.255.0,172.17.1.254,icos-5.2-x86_64
node67.32-03.vm.qh,eno1,6c:92:bf:8c:cf:c0,172.17.1.22,255.255.255.0,172.17.1.254,icos-5.2-x86_64
node68.32-04.vm.qh,eno1,6c:92:bf:91:37:88,172.17.1.23,255.255.255.0,172.17.1.254,icos-5.2-x86_64
node69.32-05.vm.qh,eno1,6c:92:bf:92:10:20,172.17.1.24,255.255.255.0,172.17.1.254,icos-5.2-x86_64
node70.32-06.vm.qh,eno1,6c:92:bf:91:37:78,172.17.1.25,255.255.255.0,172.17.1.254,icos-5.2-x86_64
node71.32-07.vm.qh,eno1,6c:92:bf:92:0e:38,172.17.1.26,255.255.255.0,172.17.1.254,icos-5.2-x86_64
node72.32-08.vm.qh,eno1,6c:92:bf:92:0e:28,172.17.1.27,255.255.255.0,172.17.1.254,icos-5.2-x86_64
node73.33-01.vm.qh,eno1,6c:92:bf:8c:cf:ac,172.17.1.28,255.255.255.0,172.17.1.254,icos-5.2-x86_64
node74.33-02.vm.qh,eno1,6c:92:bf:91:3d:4c,172.17.1.29,255.255.255.0,172.17.1.254,icos-5.2-x86_64
node75.33-03.vm.qh,eno1,6c:92:bf:92:10:88,172.17.1.30,255.255.255.0,172.17.1.254,icos-5.2-x86_64
node76.33-04.vm.qh,eno1,6c:92:bf:92:0e:08,172.17.1.31,255.255.255.0,172.17.1.254,icos-5.2-x86_64
node77.33-05.vm.qh,eno1,6c:92:bf:91:3d:38,172.17.1.32,255.255.255.0,172.17.1.254,icos-5.2-x86_64
node78.33-06.vm.qh,eno1,6c:92:bf:91:3d:3c,172.17.1.33,255.255.255.0,172.17.1.254,icos-5.2-x86_64
node79.33-07.vm.qh,eno1,6c:92:bf:92:0e:6c,172.17.1.34,255.255.255.0,172.17.1.254,icos-5.2-x86_64
node80.33-08.vm.qh,eno1,6c:92:bf:91:3c:60,172.17.1.35,255.255.255.0,172.17.1.254,icos-5.2-x86_64
node81.34-01.vm.qh,eno1,6c:92:bf:92:0d:e0,172.17.1.36,255.255.255.0,172.17.1.254,icos-5.2-x86_64
node82.34-02.vm.qh,eno1,6c:92:bf:91:3d:90,172.17.1.37,255.255.255.0,172.17.1.254,icos-5.2-x86_64
node83.34-03.vm.qh,eno1,6c:92:bf:91:3d:64,172.17.1.38,255.255.255.0,172.17.1.254,icos-5.2-x86_64
node84.34-04.vm.qh,eno1,6c:92:bf:91:3d:40,172.17.1.39,255.255.255.0,172.17.1.254,icos-5.2-x86_64
node85.34-05.vm.qh,eno1,6c:92:bf:91:3d:b4,172.17.1.40,255.255.255.0,172.17.1.254,icos-5.2-x86_64
node86.34-06.vm.qh,eno1,6c:92:bf:91:37:80,172.17.1.41,255.255.255.0,172.17.1.254,icos-5.2-x86_64
node87.34-07.vm.qh,eno1,6c:92:bf:8c:cf:b8,172.17.1.42,255.255.255.0,172.17.1.254,icos-5.2-x86_64
node88.34-08.vm.qh,eno1,6c:92:bf:91:3c:54,172.17.1.43,255.255.255.0,172.17.1.254,icos-5.2-x86_64
node89.35-01.vm.qh,eno1,6c:92:bf:8c:cf:b4,172.17.1.44,255.255.255.0,172.17.1.254,icos-5.2-x86_64
node90.35-02.vm.qh,eno1,6c:92:bf:92:10:b0,172.17.1.45,255.255.255.0,172.17.1.254,icos-5.2-x86_64
node91.35-03.vm.qh,eno1,6c:92:bf:92:0e:04,172.17.1.46,255.255.255.0,172.17.1.254,icos-5.2-x86_64
node92.35-04.vm.qh,eno1,6c:92:bf:91:3c:18,172.17.1.47,255.255.255.0,172.17.1.254,icos-5.2-x86_64
node93.35-05.vm.qh,eno1,6c:92:bf:91:3a:a0,172.17.1.48,255.255.255.0,172.17.1.254,icos-5.2-x86_64
node94.35-06.vm.qh,eno1,6c:92:bf:8c:cf:b0,172.17.1.49,255.255.255.0,172.17.1.254,icos-5.2-x86_64
node95.35-07.vm.qh,eno1,6c:92:bf:8c:cf:c4,172.17.1.50,255.255.255.0,172.17.1.254,icos-5.2-x86_64
node96.35-08.vm.qh,eno1,6c:92:bf:91:3a:b4,172.17.1.51,255.255.255.0,172.17.1.254,icos-5.2-x86_64
node97.36-01.vm.qh,eno1,6c:92:bf:91:3d:60,172.17.1.52,255.255.255.0,172.17.1.254,icos-5.2-x86_64
node98.36-02.vm.qh,eno1,6c:92:bf:91:39:04,172.17.1.53,255.255.255.0,172.17.1.254,icos-5.2-x86_64
node99.36-03.vm.qh,eno1,6c:92:bf:8c:cf:40,172.17.1.54,255.255.255.0,172.17.1.254,icos-5.2-x86_64
node100.36-04.vm.qh,eno1,6c:92:bf:92:0e:4c,172.17.1.55,255.255.255.0,172.17.1.254,icos-5.2-x86_64
node101.36-05.vm.qh,eno1,6c:92:bf:91:37:9c,172.17.1.56,255.255.255.0,172.17.1.254,icos-5.2-x86_64
node102.36-06.vm.qh,eno1,6c:92:bf:91:37:50,172.17.1.57,255.255.255.0,172.17.1.254,icos-5.2-x86_64
node103.36-07.vm.qh,eno1,6c:92:bf:92:0e:40,172.17.1.58,255.255.255.0,172.17.1.254,icos-5.2-x86_64
node104.36-08.vm.qh,eno1,6c:92:bf:91:3d:78,172.17.1.59,255.255.255.0,172.17.1.254,icos-5.2-x86_64
node105.37-01.vm.qh,eno1,6c:92:bf:91:3d:6c,172.17.1.60,255.255.255.0,172.17.1.254,icos-5.2-x86_64
node106.37-02.vm.qh,eno1,6c:92:bf:91:36:90,172.17.1.61,255.255.255.0,172.17.1.254,icos-5.2-x86_64
node107.37-03.vm.qh,eno1,6c:92:bf:91:3a:8c,172.17.1.62,255.255.255.0,172.17.1.254,icos-5.2-x86_64
node108.37-04.vm.qh,eno1,6c:92:bf:92:0e:18,172.17.1.63,255.255.255.0,172.17.1.254,icos-5.2-x86_64
node109.37-05.vm.qh,eno1,6c:92:bf:91:37:a8,172.17.1.64,255.255.255.0,172.17.1.254,icos-5.2-x86_64
node110.37-06.vm.qh,eno1,6c:92:bf:91:37:60,172.17.1.65,255.255.255.0,172.17.1.254,icos-5.2-x86_64
node111.37-07.vm.qh,eno1,6c:92:bf:91:3d:70,172.17.1.66,255.255.255.0,172.17.1.254,icos-5.2-x86_64
node112.37-08.vm.qh,eno1,6c:92:bf:91:3d:dc,172.17.1.67,255.255.255.0,172.17.1.254,icos-5.2-x86_64
node113.38-01.vm.qh,eno1,6c:92:bf:8f:6f:b4,172.17.1.68,255.255.255.0,172.17.1.254,icos-5.2-x86_64
node114.38-02.vm.qh,eno1,6c:92:bf:91:38:d8,172.17.1.69,255.255.255.0,172.17.1.254,icos-5.2-x86_64
node115.38-03.vm.qh,eno1,6c:92:bf:91:37:68,172.17.1.70,255.255.255.0,172.17.1.254,icos-5.2-x86_64
node116.38-04.vm.qh,eno1,6c:92:bf:92:0e:10,172.17.1.71,255.255.255.0,172.17.1.254,icos-5.2-x86_64
node117.38-05.vm.qh,eno1,6c:92:bf:8f:6f:bc,172.17.1.72,255.255.255.0,172.17.1.254,icos-5.2-x86_64
node118.38-06.vm.qh,eno1,6c:92:bf:91:3d:5c,172.17.1.73,255.255.255.0,172.17.1.254,icos-5.2-x86_64
node119.38-07.vm.qh,eno1,6c:92:bf:91:3d:ac,172.17.1.74,255.255.255.0,172.17.1.254,icos-5.2-x86_64
node120.38-08.vm.qh,eno1,6c:92:bf:91:3c:48,172.17.1.75,255.255.255.0,172.17.1.254,icos-5.2-x86_64
node121.39-01.vm.qh,eno1,6c:92:bf:91:3d:48,172.17.1.76,255.255.255.0,172.17.1.254,icos-5.2-x86_64
node122.39-02.vm.qh,eno1,6c:92:bf:92:0d:fc,172.17.1.77,255.255.255.0,172.17.1.254,icos-5.2-x86_64
node123.39-03.vm.qh,eno1,6c:92:bf:91:3d:bc,172.17.1.78,255.255.255.0,172.17.1.254,icos-5.2-x86_64
node124.39-04.vm.qh,eno1,6c:92:bf:91:3c:50,172.17.1.79,255.255.255.0,172.17.1.254,icos-5.2-x86_64
node125.39-05.vm.qh,eno1,6c:92:bf:92:0e:30,172.17.1.80,255.255.255.0,172.17.1.254,icos-5.2-x86_64
node126.39-06.vm.qh,eno1,6c:92:bf:92:0d:f4,172.17.1.81,255.255.255.0,172.17.1.254,icos-5.2-x86_64
node127.39-07.vm.qh,eno1,6c:92:bf:91:38:60,172.17.1.82,255.255.255.0,172.17.1.254,icos-5.2-x86_64
node128.39-08.vm.qh,eno1,6c:92:bf:91:37:7c,172.17.1.83,255.255.255.0,172.17.1.254,icos-5.2-x86_64
